customer_id,first_name,last_name,sum_of_payments,count_of_rents,avg_payment,is_active,rank_by_sum_of_payments
148,Eleanor,Hunt,211.55,45,4.7011110000000000,active,1
526,Karl,Seal,208.58,42,4.9661900000000001,active,2
178,Marion,Snyder,194.61,39,4.9900000000000002,active,3
137,Rhonda,Kennedy,191.62,38,5.0426320000000002,active,4
144,Clara,Shaw,189.60,40,4.7400000000000002,active,5
459,Tommy,Collazo,183.63,37,4.9629729999999999,active,6
181,Ana,Bradley,167.67,33,5.0809090000000001,active,7
410,Curtis,Irby,167.62,38,4.4110529999999999,active,8
236,Marcia,Dean,166.61,39,4.2720510000000003,active,9
403,Mike,Way,162.67,33,4.9293940000000003,inactive,10
522,Arnold,Havens,161.68,32,5.0525000000000002,active,11
469,Wesley,Bull,158.65,35,4.5328569999999999,active,12
470,Gordon,Allard,157.69,31,5.0867740000000001,inactive,13
373,Louis,Leone,156.66,34,4.6076470000000000,active,14
468,Tim,Cary,154.66,34,4.5488239999999998,active,15
259,Lena,Jensen,152.71,29,5.2658620000000003,active,16
462,Warren,Sherrod,152.69,31,4.9254840000000000,active,17
372,Steve,Mackenzie,152.68,32,4.7712500000000002,active,18
187,Brittany,Riley,151.73,27,5.6196299999999999,active,19
550,Guy,Brownlee,151.69,31,4.8932260000000003,active,20
176,June,Carroll,151.68,32,4.7400000000000002,active,21
532,Neil,Renner,149.69,31,4.8287100000000001,active,22
75,Tammy,Sanders,149.61,39,3.8361540000000001,active,23
209,Tonya,Chapman,147.71,29,5.0934480000000004,active,24
86,Jacqueline,Long,146.68,32,4.5837500000000002,active,25
26,Jessica,Hall,146.68,32,4.5837500000000002,active,25
21,Michelle,Clark,146.68,32,4.5837500000000002,active,25
211,Stacey,Montgomery,146.67,33,4.4445449999999997,active,28
346,Arthur,Simpkins,145.70,30,4.8566669999999998,active,29
366,Brandon,Huey,145.64,36,4.0455560000000004,active,30
50,Diane,Collins,144.70,30,4.8233329999999999,active,31
360,Ralph,Madrigal,144.68,32,4.5212500000000002,inactive,32
348,Roger,Quintanilla,144.66,34,4.2547059999999997,active,33
513,Duane,Tubbs,143.70,30,4.7900000000000000,active,34
454,Alex,Gresham,143.68,32,4.4900000000000002,active,35
347,Ryan,Salisbury,142.70,30,4.7566670000000002,active,36
390,Shawn,Heaton,142.69,31,4.6029030000000004,inactive,37
267,Margie,Wade,142.67,33,4.3233329999999999,active,38
257,Marsha,Douglas,142.66,34,4.1958820000000001,active,39
39,Debra,Nelson,141.71,29,4.8865520000000000,inactive,40
78,Lori,Wood,141.69,31,4.5706449999999998,active,41
362,Nicholas,Barfield,140.69,31,4.5383870000000002,inactive,42
363,Roy,Whiting,139.72,28,4.9900000000000002,inactive,43
368,Harry,Arce,139.69,31,4.5061289999999996,active,44
119,Sherry,Marshall,139.69,31,4.5061289999999996,active,44
66,Janice,Ward,139.67,33,4.2324240000000000,active,46
237,Tanya,Gilbert,138.69,31,4.4738709999999999,active,47
29,Angela,Hernandez,138.65,35,3.9614289999999999,active,48
87,Wanda,Patterson,137.72,28,4.9185710000000000,active,49
80,Marilyn,Ross,137.70,30,4.5899999999999999,active,50
439,Alexander,Fennell,137.67,33,4.1718180000000000,active,51
558,Jimmie,Eggleston,135.72,28,4.8471430000000000,inactive,52
494,Ramon,Choate,135.70,30,4.5233330000000000,inactive,53
576,Morris,Mccarter,135.68,32,4.2400000000000002,active,54
591,Kent,Arsenault,134.73,27,4.9900000000000002,inactive,55
467,Alvin,Deloach,134.72,28,4.8114290000000004,active,56
479,Zachary,Hite,134.71,29,4.6451719999999996,active,57
210,Ella,Oliver,134.70,30,4.4900000000000002,active,58
120,Sylvia,Ortiz,134.70,30,4.4900000000000002,active,58
204,Rosemary,Schmidt,134.69,31,4.3448390000000003,inactive,60
15,Helen,Harris,134.68,32,4.2087500000000002,active,61
5,Elizabeth,Brown,134.65,35,3.8471430000000000,active,62
349,Joe,Gilliland,133.72,28,4.7757139999999998,active,63
404,Stanley,Scroggins,133.71,29,4.6106900000000000,inactive,64
172,Bernice,Willis,133.70,30,4.4566670000000004,active,65
197,Sue,Peters,133.68,32,4.1775000000000002,active,66
265,Jennie,Terry,132.72,28,4.7400000000000002,inactive,67
533,Jessie,Milam,132.70,30,4.4233330000000004,active,68
380,Russell,Brinson,132.65,35,3.7900000000000000,active,69
472,Greg,Robins,131.74,26,5.0669230000000001,active,70
13,Karen,Jackson,131.73,27,4.8788890000000000,inactive,71
46,Catherine,Campbell,131.69,31,4.2480650000000004,active,72
125,Ethel,Webb,131.69,31,4.2480650000000004,inactive,72
3,Linda,Williams,130.76,24,5.4483329999999999,active,74
273,Priscilla,Lowe,130.72,28,4.6685710000000000,active,75
7,Maria,Miller,130.72,28,4.6685710000000000,inactive,75
502,Brett,Cornwell,130.70,30,4.3566669999999998,active,77
566,Casey,Mena,130.68,32,4.0837500000000002,inactive,78
342,Harold,Martino,130.68,32,4.0837500000000002,active,78
112,Rosa,Reynolds,129.72,28,4.6328569999999996,active,80
560,Jordan,Archuleta,129.71,29,4.4727589999999999,active,81
102,Crystal,Ford,129.70,30,4.3233329999999999,active,82
168,Regina,Berry,129.68,32,4.0525000000000002,active,83
484,Roberto,Vu,128.73,27,4.7677779999999998,active,84
103,Gladys,Hamilton,128.71,29,4.4382760000000001,active,85
242,Glenda,Frazier,128.71,29,4.4382760000000001,inactive,85
84,Sara,Perry,128.70,30,4.2900000000000000,inactive,87
196,Alma,Austin,128.69,31,4.1512900000000004,active,88
448,Miguel,Betancourt,127.73,27,4.7307410000000001,active,89
221,Bessie,Morrison,127.73,27,4.7307410000000001,inactive,89
520,Mitchell,Westmoreland,127.69,31,4.1190319999999998,active,91
141,Debbie,Reyes,127.69,31,4.1190319999999998,active,91
38,Martha,Gonzalez,127.66,34,3.7547060000000001,active,93
200,Jeanne,Lawson,126.74,26,4.8746150000000004,active,94
206,Terri,Vasquez,126.73,27,4.6937040000000003,active,95
146,Jamie,Rice,126.73,27,4.6937040000000003,active,95
436,Troy,Quigley,126.73,27,4.6937040000000003,active,95
108,Tracy,Cole,126.72,28,4.5257139999999998,active,98
114,Grace,Ellis,126.70,30,4.2233330000000002,active,99
426,Bradley,Motley,125.74,26,4.8361539999999996,inactive,100
482,Maurice,Crawley,125.74,26,4.8361539999999996,active,100
295,Daisy,Bates,125.72,28,4.4900000000000002,active,102
147,Joanne,Robertson,125.68,32,3.9275000000000002,active,103
354,Justin,Ngo,125.67,33,3.8081820000000000,active,104
45,Janet,Phillips,124.74,26,4.7976919999999996,active,105
89,Julia,Flores,124.71,29,4.3003450000000001,active,106
198,Elsie,Kelley,124.68,32,3.8962500000000002,active,107
129,Carrie,Porter,124.66,34,3.6664710000000000,inactive,108
2,Patricia,Johnson,123.74,26,4.7592309999999998,active,109
300,John,Farnsworth,123.74,26,4.7592309999999998,active,109
506,Leslie,Seward,123.72,28,4.4185710000000000,active,111
371,Billy,Poulin,123.71,29,4.2658620000000003,active,112
51,Alice,Stewart,123.70,30,4.1233329999999997,inactive,113
27,Shirley,Allen,123.70,30,4.1233329999999997,inactive,113
30,Melissa,King,123.66,34,3.6370589999999998,active,115
434,Eddie,Tomlin,122.74,26,4.7207689999999998,inactive,116
92,Tina,Simmons,122.74,26,4.7207689999999998,inactive,116
535,Javier,Elrod,122.72,28,4.3828569999999996,active,118
163,Cathy,Spencer,122.71,29,4.2313789999999996,active,119
244,Viola,Hanson,122.70,30,4.0899999999999999,active,120
473,Jorge,Olivares,122.69,31,3.9577420000000001,active,121
508,Milton,Howland,121.77,23,5.2943480000000003,active,122
166,Lynn,Payne,121.73,27,4.5085189999999997,active,123
497,Gilbert,Sledge,121.73,27,4.5085189999999997,active,123
451,Jim,Rea,121.70,30,4.0566670000000000,active,125
438,Barry,Lovelace,121.70,30,4.0566670000000000,active,125
406,Nathan,Runyon,121.69,31,3.9254840000000000,inactive,127
491,Rick,Mattox,120.75,25,4.8300000000000001,active,128
423,Alfred,Casillas,120.74,26,4.6438459999999999,active,129
179,Dana,Hart,120.74,26,4.6438459999999999,active,129
499,Marc,Outlaw,120.71,29,4.1624140000000001,active,131
122,Thelma,Murray,120.70,30,4.0233330000000000,inactive,132
59,Cheryl,Murphy,119.76,24,4.9900000000000002,active,133
389,Alan,Kahn,119.75,25,4.7900000000000000,active,134
487,Hector,Poindexter,119.74,26,4.6053850000000001,active,135
306,Charles,Kowalski,119.72,28,4.2757139999999998,active,136
207,Gertrude,Castillo,119.72,28,4.2757139999999998,active,136
82,Kathryn,Coleman,118.76,24,4.9483329999999999,active,138
41,Stephanie,Mitchell,118.75,25,4.7500000000000000,active,139
589,Tracy,Herrmann,118.75,25,4.7500000000000000,active,139
565,Jaime,Nettles,118.73,27,4.3974070000000003,active,141
128,Marjorie,Tucker,118.70,30,3.9566669999999999,active,142
35,Virginia,Green,118.70,30,3.9566669999999999,inactive,142
230,Joy,George,118.69,31,3.8287100000000001,inactive,144
583,Marshall,Thorn,117.77,23,5.1204349999999996,inactive,145
285,Miriam,Mckinney,117.77,23,5.1204349999999996,active,145
585,Perry,Swafford,117.76,24,4.9066669999999997,active,147
504,Nathaniel,Adam,117.75,25,4.7100000000000000,active,148
421,Lee,Hawks,117.75,25,4.7100000000000000,active,148
573,Byron,Box,117.72,28,4.2042859999999997,inactive,150
49,Joyce,Edwards,116.76,24,4.8650000000000002,inactive,151
149,Valerie,Black,116.75,25,4.6699999999999999,active,152
253,Terry,Carlson,116.74,26,4.4900000000000002,inactive,153
274,Naomi,Jennings,116.73,27,4.3233329999999999,active,154
263,Hilda,Hopkins,116.73,27,4.3233329999999999,active,154
71,Kathy,James,116.72,28,4.1685710000000000,active,156
356,Gerald,Fultz,116.71,29,4.0244830000000000,active,157
512,Cecil,Vines,115.74,26,4.4515380000000002,active,158
56,Gloria,Cook,115.74,26,4.4515380000000002,active,158
529,Erik,Guillen,115.72,28,4.1328569999999996,inactive,160
393,Philip,Causey,115.71,29,3.9900000000000002,active,161
158,Veronica,Stone,115.70,30,3.8566669999999998,active,162
279,Dianne,Shelton,114.76,24,4.7816669999999997,active,163
54,Teresa,Rogers,114.74,26,4.4130770000000004,active,164
584,Salvador,Teel,114.73,27,4.2492590000000003,active,165
262,Patsy,Davidson,114.73,27,4.2492590000000003,active,165
107,Florence,Woods,114.72,28,4.0971430000000000,active,167
388,Craig,Morrell,114.72,28,4.0971430000000000,active,167
1,Mary,Smith,114.70,30,3.8233329999999999,inactive,169
433,Don,Bone,113.77,23,4.9465219999999999,active,170
309,Christopher,Greco,113.75,25,4.5499999999999998,inactive,171
266,Nora,Herrera,113.74,26,4.3746150000000004,inactive,172
302,Michael,Silverman,113.74,26,4.3746150000000004,active,172
139,Amber,Dixon,113.73,27,4.2122219999999997,active,174
569,Dave,Gardiner,113.73,27,4.2122219999999997,active,174
416,Jeffery,Pinson,113.72,28,4.0614290000000004,active,176
314,George,Linton,113.71,29,3.9210340000000001,active,177
260,Christy,Vargas,113.70,30,3.7900000000000000,inactive,178
540,Tyrone,Asher,112.76,24,4.6983329999999999,active,179
582,Andy,Vanhorn,112.76,24,4.6983329999999999,active,179
63,Ashley,Richardson,112.75,25,4.5099999999999998,inactive,181
32,Amy,Lopez,112.74,26,4.3361539999999996,inactive,182
131,Monica,Hicks,112.73,27,4.1751849999999999,active,183
485,Clyde,Tobias,112.72,28,4.0257139999999998,inactive,184
453,Calvin,Martel,111.77,23,4.8595649999999999,active,185
337,Jerry,Jordon,111.76,24,4.6566669999999997,active,186
225,Arlene,Harvey,111.76,24,4.6566669999999997,inactive,186
577,Clifton,Malcolm,111.74,26,4.2976919999999996,active,188
173,Audrey,Ray,111.73,27,4.1381480000000002,active,189
579,Daryl,Larue,111.73,27,4.1381480000000002,active,189
113,Cindy,Fisher,111.73,27,4.1381480000000002,active,189
186,Holly,Fox,111.71,29,3.8520690000000002,active,192
592,Terrance,Roush,111.71,29,3.8520690000000002,active,192
42,Carolyn,Perez,111.71,29,3.8520690000000002,active,192
531,Jamie,Waugh,110.77,23,4.8160869999999996,inactive,195
258,Myrtle,Fleming,110.76,24,4.6150000000000002,inactive,196
495,Charlie,Bess,110.76,24,4.6150000000000002,active,196
515,Andre,Rapp,110.74,26,4.2592309999999998,inactive,198
213,Gina,Williamson,110.73,27,4.1011110000000004,active,199
154,Michele,Grant,110.73,27,4.1011110000000004,active,199
90,Ruby,Washington,110.72,28,3.9542860000000002,active,201
559,Everett,Banda,110.72,28,3.9542860000000002,active,201
595,Terrence,Gunderson,110.71,29,3.8175859999999999,active,203
241,Heidi,Larson,110.68,32,3.4587500000000002,active,204
536,Fernando,Churchill,109.77,23,4.7726090000000001,active,205
170,Beatrice,Arnold,109.77,23,4.7726090000000001,active,205
575,Isaac,Oglesby,109.76,24,4.5733329999999999,active,207
220,Charlene,Alvarez,109.75,25,4.3899999999999997,active,208
447,Clifford,Bowens,109.73,27,4.0640739999999997,active,209
538,Ted,Breaux,109.73,27,4.0640739999999997,inactive,209
376,Randy,Gaither,109.73,27,4.0640739999999997,inactive,209
481,Herman,Devore,109.72,28,3.9185710000000000,inactive,212
446,Theodore,Culp,109.72,28,3.9185710000000000,active,212
386,Todd,Tan,109.72,28,3.9185710000000000,active,212
424,Kyle,Spurlock,109.71,29,3.7831030000000001,active,215
284,Sonia,Gregory,108.78,22,4.9445449999999997,active,216
594,Eduardo,Hiatt,108.77,23,4.7291299999999996,inactive,217
277,Olga,Jimenez,108.76,24,4.5316669999999997,inactive,218
590,Seth,Hannon,108.76,24,4.5316669999999997,active,218
334,Raymond,Mcwhorter,108.75,25,4.3499999999999996,active,220
518,Gabriel,Harder,108.75,25,4.3499999999999996,active,220
574,Julian,Vest,108.73,27,4.0270370000000000,inactive,222
239,Minnie,Romero,108.72,28,3.8828570000000000,inactive,223
167,Sally,Pierce,108.71,29,3.7486210000000000,active,224
293,Mae,Fletcher,107.79,21,5.1328569999999996,active,225
571,Johnnie,Chisholm,107.78,22,4.8990910000000003,active,226
427,Jesus,Mccartney,107.77,23,4.6856520000000002,inactive,227
16,Sandra,Martin,107.76,24,4.4900000000000002,inactive,228
332,Stephen,Qualls,107.74,26,4.1438459999999999,inactive,229
441,Mario,Cheatham,107.73,27,3.9900000000000002,active,230
145,Lucille,Holmes,107.73,27,3.9900000000000002,inactive,230
588,Marion,Ocampo,107.73,27,3.9900000000000002,inactive,230
157,Darlene,Rose,107.71,29,3.7141380000000002,inactive,233
254,Maxine,Silva,107.70,30,3.5899999999999999,active,234
418,Jeff,East,107.70,30,3.5899999999999999,active,234
91,Lois,Butler,107.66,34,3.1664710000000000,active,236
477,Dan,Paine,106.79,21,5.0852380000000004,active,237
343,Douglas,Graf,106.77,23,4.6421739999999998,active,238
240,Marlene,Welch,106.77,23,4.6421739999999998,active,238
155,Gail,Knight,106.76,24,4.4483329999999999,active,240
234,Claudia,Fuller,106.75,25,4.2699999999999996,active,241
471,Dean,Sauer,106.74,26,4.1053850000000001,active,242
116,Victoria,Gibson,106.74,26,4.1053850000000001,inactive,242
160,Erin,Dunn,106.73,27,3.9529630000000000,active,244
457,Bill,Gavin,106.73,27,3.9529630000000000,active,244
23,Sarah,Lewis,106.73,27,3.9529630000000000,active,244
52,Julie,Sanchez,106.72,28,3.8114290000000000,active,247
138,Hazel,Warren,106.68,32,3.3337500000000002,active,248
127,Elaine,Stevens,105.78,22,4.8081820000000004,active,249
490,Sam,Mcduffie,105.78,22,4.8081820000000004,active,249
331,Eric,Robert,105.78,22,4.8081820000000004,active,249
294,Shelly,Watts,105.77,23,4.5986960000000003,active,252
193,Katie,Elliott,105.77,23,4.5986960000000003,active,252
58,Jean,Bell,105.76,24,4.4066669999999997,active,254
400,Bryan,Hardison,105.76,24,4.4066669999999997,active,254
396,Earl,Shanks,105.74,26,4.0669230000000001,inactive,256
40,Amanda,Carter,105.74,26,4.0669230000000001,inactive,256
96,Diana,Alexander,105.73,27,3.9159259999999998,active,258
444,Marcus,Hidalgo,105.72,28,3.7757139999999998,active,259
28,Cynthia,Young,105.70,30,3.5233330000000000,active,260
345,Carl,Artis,104.79,21,4.9900000000000002,active,261
493,Brent,Harkins,104.78,22,4.7627269999999999,active,262
289,Violet,Rodriquez,104.76,24,4.3650000000000002,inactive,263
121,Josephine,Gomez,104.75,25,4.1900000000000004,active,264
171,Dolores,Wagner,104.75,25,4.1900000000000004,active,264
407,Dale,Ratcliff,104.74,26,4.0284620000000002,inactive,266
31,Brenda,Wright,104.74,26,4.0284620000000002,active,266
25,Deborah,Walker,104.73,27,3.8788890000000000,active,268
397,Jimmy,Schrader,104.72,28,3.7400000000000002,inactive,269
442,Leroy,Bustamante,104.71,29,3.6106900000000000,inactive,270
341,Peter,Menard,103.78,22,4.7172729999999996,active,271
280,Tracey,Barrett,103.77,23,4.5117390000000004,active,272
296,Ramona,Hale,103.77,23,4.5117390000000004,active,272
214,Kristin,Johnston,103.74,26,3.9900000000000002,active,274
245,Courtney,Day,103.74,26,3.9900000000000002,active,274
202,Carla,Gutierrez,103.74,26,3.9900000000000002,active,274
408,Manuel,Murrell,103.73,27,3.8418519999999998,active,277
20,Sharon,Robinson,103.73,27,3.8418519999999998,active,277
292,Misty,Lambert,102.78,22,4.6718180000000000,inactive,279
510,Ben,Easter,102.77,23,4.4682610000000000,inactive,280
553,Max,Pitt,102.77,23,4.4682610000000000,active,280
98,Lillian,Griffin,102.76,24,4.2816669999999997,active,282
587,Sergio,Stanfield,102.76,24,4.2816669999999997,active,282
190,Yolanda,Weaver,102.75,25,4.1100000000000003,active,284
126,Ellen,Simpson,102.75,25,4.1100000000000003,active,284
44,Marie,Turner,101.79,21,4.8471430000000000,active,286
466,Leo,Ebert,101.78,22,4.6263639999999997,active,287
100,Robin,Hayes,101.77,23,4.4247829999999997,active,288
593,Rene,Mcalister,101.76,24,4.2400000000000002,inactive,289
182,Renee,Lane,101.72,28,3.6328570000000000,inactive,290
405,Leonard,Schofield,101.70,30,3.3900000000000001,active,291
486,Glen,Talbert,100.77,23,4.3813040000000001,inactive,292
572,Sidney,Burleson,100.76,24,4.1983329999999999,inactive,293
517,Brad,Mccurdy,100.76,24,4.1983329999999999,active,293
251,Vickie,Brewer,100.75,25,4.0300000000000002,active,295
219,Willie,Howell,100.75,25,4.0300000000000002,active,295
135,Juanita,Mason,100.72,28,3.5971430000000000,active,297
519,Ron,Deluca,99.78,22,4.5354549999999998,inactive,298
11,Lisa,Anderson,99.77,23,4.3378259999999997,active,299
297,Sherri,Rhodes,99.74,26,3.8361540000000001,active,300
57,Evelyn,Morgan,99.74,26,3.8361540000000001,active,300
563,Ken,Prewitt,99.73,27,3.6937039999999999,active,302
503,Angel,Barclay,99.72,28,3.5614290000000000,active,303
452,Tom,Milner,99.71,29,3.4382760000000001,active,304
381,Bobby,Boudreau,99.68,32,3.1150000000000002,active,305
19,Ruth,Martinez,98.82,18,5.4900000000000002,active,306
329,Frank,Waggoner,98.77,23,4.2943480000000003,inactive,307
175,Annette,Olson,98.76,24,4.1150000000000002,active,308
537,Clinton,Buford,98.76,24,4.1150000000000002,active,308
264,Gwendolyn,May,98.75,25,3.9500000000000002,active,310
425,Francis,Sikes,98.75,25,3.9500000000000002,active,310
374,Jeremy,Hurtado,98.75,25,3.9500000000000002,active,310
580,Ross,Grey,98.74,26,3.7976920000000001,active,313
367,Adam,Gooch,97.80,20,4.8899999999999997,inactive,314
65,Rose,Howard,97.80,20,4.8899999999999997,inactive,314
460,Leon,Bostic,97.79,21,4.6566669999999997,active,316
409,Rodney,Moeller,97.78,22,4.4445449999999997,inactive,317
192,Laurie,Lawrence,97.78,22,4.4445449999999997,active,317
475,Pedro,Chestnut,97.78,22,4.4445449999999997,inactive,317
562,Wallace,Slone,97.78,22,4.4445449999999997,active,317
123,Shannon,Freeman,97.77,23,4.2508699999999999,active,321
581,Virgil,Wofford,97.75,25,3.9100000000000001,active,322
256,Mabel,Holland,97.75,25,3.9100000000000001,active,322
379,Carlos,Coughlin,96.79,21,4.6090479999999996,active,324
269,Cassandra,Walters,96.79,21,4.6090479999999996,active,324
268,Nina,Soto,96.79,21,4.6090479999999996,inactive,324
83,Louise,Jenkins,96.78,22,4.3990910000000003,active,327
352,Albert,Crouse,96.78,22,4.3990910000000003,active,327
14,Betty,White,96.77,23,4.2073910000000003,active,329
414,Vincent,Ralston,96.77,23,4.2073910000000003,active,329
286,Velma,Lucas,96.76,24,4.0316669999999997,active,331
445,Micheal,Forman,96.76,24,4.0316669999999997,active,331
317,Edward,Baugh,96.76,24,4.0316669999999997,active,331
500,Reginald,Kinder,96.75,25,3.8700000000000001,active,334
422,Melvin,Ellington,96.75,25,3.8700000000000001,active,334
74,Denise,Kelly,96.74,26,3.7207690000000002,active,336
554,Dwayne,Olvera,95.80,20,4.7900000000000000,active,337
578,Willard,Lumpkin,95.79,21,4.5614290000000004,active,338
106,Connie,Wallace,95.79,21,4.5614290000000004,inactive,338
488,Shane,Millard,95.78,22,4.3536359999999998,active,340
541,Darren,Windham,95.78,22,4.3536359999999998,active,340
180,Stacy,Cunningham,95.78,22,4.3536359999999998,active,340
324,Gary,Coy,95.78,22,4.3536359999999998,active,340
199,Beth,Franklin,95.76,24,3.9900000000000002,active,344
339,Walter,Perryman,95.76,24,3.9900000000000002,inactive,344
456,Ronnie,Ricketts,95.76,24,3.9900000000000002,active,344
132,Esther,Crawford,95.72,28,3.4185710000000000,active,347
22,Laura,Rodriguez,94.81,19,4.9900000000000002,active,348
150,Danielle,Daniels,94.78,22,4.3081820000000004,inactive,349
68,Nicole,Peterson,94.78,22,4.3081820000000004,active,349
276,Brandy,Graves,94.77,23,4.1204349999999996,active,351
161,Geraldine,Perkins,94.76,24,3.9483329999999999,inactive,352
10,Dorothy,Taylor,94.76,24,3.9483329999999999,inactive,352
153,Suzanne,Nichols,94.76,24,3.9483329999999999,active,352
111,Carmen,Owens,94.75,25,3.7900000000000000,active,355
321,Kevin,Schuler,93.83,17,5.5194120000000000,active,356
432,Edwin,Burk,93.80,20,4.6900000000000004,active,357
528,Claude,Herzog,93.80,20,4.6900000000000004,active,357
319,Ronald,Weiner,93.79,21,4.4661900000000001,inactive,359
443,Francisco,Skidmore,93.79,21,4.4661900000000001,active,359
105,Dawn,Sullivan,93.78,22,4.2627269999999999,active,361
336,Joshua,Mark,93.78,22,4.2627269999999999,active,361
385,Phillip,Holm,93.76,24,3.9066670000000001,active,363
229,Tamara,Nguyen,93.75,25,3.7500000000000000,active,364
383,Martin,Bales,93.75,25,3.7500000000000000,active,364
377,Howard,Fortner,93.74,26,3.6053850000000001,active,366
12,Nancy,Thomas,93.74,26,3.6053850000000001,active,366
47,Frances,Parker,92.81,19,4.8847370000000003,active,368
544,Cody,Nolen,92.80,20,4.6399999999999997,active,369
307,Joseph,Joy,92.80,20,4.6399999999999997,active,369
81,Andrea,Henderson,92.79,21,4.4185710000000000,active,371
365,Bruce,Schwarz,92.79,21,4.4185710000000000,inactive,371
431,Joel,Francisco,92.78,22,4.2172729999999996,active,373
511,Chester,Benner,92.78,22,4.2172729999999996,inactive,373
516,Elmer,Noe,92.76,24,3.8650000000000002,active,375
275,Carole,Barnett,92.75,25,3.7100000000000000,active,376
188,Melanie,Armstrong,92.75,25,3.7100000000000000,active,376
474,Dustin,Gillette,92.75,25,3.7100000000000000,active,376
489,Ricardo,Meador,91.81,19,4.8321050000000003,active,379
505,Rafael,Abney,91.81,19,4.8321050000000003,active,379
212,Wilma,Richards,91.80,20,4.5899999999999999,active,381
37,Pamela,Baker,91.79,21,4.3709519999999999,active,382
417,Travis,Estep,91.78,22,4.1718180000000000,active,383
201,Vicki,Fields,91.78,22,4.1718180000000000,active,383
392,Sean,Douglass,91.77,23,3.9900000000000002,inactive,385
570,Ivan,Cromwell,91.75,25,3.6699999999999999,active,386
323,Matthew,Mahan,91.75,25,3.6699999999999999,active,386
64,Judith,Cox,91.70,30,3.0566670000000000,active,388
261,Deanna,Byrd,90.78,22,4.1263639999999997,inactive,389
216,Natalie,Meyer,90.78,22,4.1263639999999997,active,389
546,Kelly,Knott,90.77,23,3.9465219999999999,active,391
99,Emily,Diaz,90.77,23,3.9465219999999999,active,391
36,Kathleen,Adams,90.75,25,3.6299999999999999,active,393
461,Derek,Blakely,90.73,27,3.3603700000000001,active,394
552,Hugh,Waldrop,89.80,20,4.4900000000000002,active,395
43,Christine,Roberts,89.78,22,4.0809090000000001,active,396
364,Benjamin,Varney,89.78,22,4.0809090000000001,inactive,396
73,Beverly,Brooks,89.78,22,4.0809090000000001,active,396
333,Andrew,Purdy,89.78,22,4.0809090000000001,inactive,396
507,Edgar,Rhoads,89.77,23,3.9030429999999998,inactive,400
69,Judy,Gray,89.77,23,3.9030429999999998,active,400
156,Bertha,Ferguson,89.77,23,3.9030429999999998,inactive,400
233,Lillie,Kim,89.77,23,3.9030429999999998,active,400
235,Jackie,Lynch,89.77,23,3.9030429999999998,inactive,400
463,Darrell,Power,89.76,24,3.7400000000000002,inactive,405
34,Rebecca,Scott,89.76,24,3.7400000000000002,inactive,405
361,Lawrence,Lawton,89.71,29,3.0934480000000000,active,407
249,Dora,Medina,88.81,19,4.6742109999999997,inactive,408
247,Stella,Moreno,88.81,19,4.6742109999999997,active,408
33,Anna,Hill,88.80,20,4.4400000000000004,active,410
375,Aaron,Selby,88.80,20,4.4400000000000004,active,410
415,Glenn,Pullen,88.78,22,4.0354549999999998,active,412
60,Mildred,Bailey,88.78,22,4.0354549999999998,active,412
231,Georgia,Jacobs,88.77,23,3.8595649999999999,inactive,414
53,Heather,Morris,88.76,24,3.6983329999999999,active,415
133,Pauline,Henry,88.75,25,3.5499999999999998,active,416
72,Theresa,Watson,88.73,27,3.2862960000000001,inactive,417
17,Donna,Thompson,87.82,18,4.8788890000000000,active,418
203,Tara,Ryan,87.81,19,4.6215789999999997,active,419
523,Harvey,Guajardo,87.80,20,4.3899999999999997,inactive,420
305,Richard,Mccrary,87.80,20,4.3899999999999997,active,420
476,Derrick,Bourque,87.80,20,4.3899999999999997,active,420
547,Kurt,Emmons,87.80,20,4.3899999999999997,inactive,420
226,Maureen,Little,87.79,21,4.1804759999999996,active,424
189,Loretta,Carpenter,87.79,21,4.1804759999999996,active,424
130,Charlotte,Hunter,87.78,22,3.9900000000000002,active,426
597,Freddie,Duggan,87.77,23,3.8160870000000000,active,427
351,Jack,Foust,87.77,23,3.8160870000000000,active,427
509,Raul,Fortier,86.82,18,4.8233329999999999,active,429
478,Lewis,Lyman,86.81,19,4.5689469999999996,active,430
501,Ruben,Geary,86.81,19,4.5689469999999996,active,430
238,Nellie,Garrett,86.81,19,4.5689469999999996,active,430
195,Vanessa,Sims,86.81,19,4.5689469999999996,active,430
67,Kelly,Torres,86.80,20,4.3399999999999999,inactive,434
169,Erica,Matthews,86.80,20,4.3399999999999999,active,434
217,Agnes,Bishop,86.79,21,4.1328569999999996,inactive,436
232,Constance,Reid,86.77,23,3.7726090000000001,active,437
101,Peggy,Myers,86.77,23,3.7726090000000001,active,437
419,Chad,Carbone,86.76,24,3.6150000000000002,active,439
228,Allison,Stanley,86.75,25,3.4700000000000002,active,440
561,Ian,Still,86.75,25,3.4700000000000002,active,440
208,Lucy,Wheeler,86.75,25,3.4700000000000002,active,440
115,Wendy,Harrison,86.73,27,3.2122220000000001,active,443
567,Alfredo,Mcadams,85.80,20,4.2900000000000000,active,444
437,Randall,Neumann,85.80,20,4.2900000000000000,inactive,444
382,Victor,Barkley,85.78,22,3.8990909999999999,active,446
359,Willie,Markham,85.78,22,3.8990909999999999,active,446
455,Jon,Wiles,85.78,22,3.8990909999999999,active,446
24,Kimberly,Lee,85.77,23,3.7291300000000001,inactive,449
8,Susan,Wilson,85.77,23,3.7291300000000001,active,449
77,Jane,Bennett,85.77,23,3.7291300000000001,inactive,449
450,Jay,Robb,85.75,25,3.4300000000000002,active,452
542,Lonnie,Tirado,84.84,16,5.3025000000000002,inactive,453
55,Doris,Reed,84.81,19,4.4636839999999998,inactive,454
545,Julio,Noland,84.81,19,4.4636839999999998,active,454
539,Mathew,Bolin,84.80,20,4.2400000000000002,inactive,456
88,Bonnie,Hughes,84.80,20,4.2400000000000002,active,456
299,James,Gannon,84.79,21,4.0376190000000003,inactive,458
6,Jennifer,Davis,84.75,25,3.3900000000000001,active,459
140,Eva,Ramos,83.82,18,4.6566669999999997,active,460
480,Corey,Hauser,83.81,19,4.4110529999999999,active,461
143,Leslie,Gordon,83.80,20,4.1900000000000004,active,462
440,Bernard,Colby,83.79,21,3.9900000000000002,active,463
598,Wade,Delvalle,83.78,22,3.8081820000000000,active,464
340,Patrick,Newsom,83.77,23,3.6421739999999998,inactive,465
496,Tyler,Wren,82.81,19,4.3584209999999999,active,466
564,Bob,Pfeiffer,82.78,22,3.7627269999999999,inactive,467
498,Gene,Sanborn,82.76,24,3.4483329999999999,inactive,468
524,Jared,Ely,81.83,17,4.8135289999999999,inactive,469
483,Vernon,Chapa,81.83,17,4.8135289999999999,inactive,469
322,Jason,Morrissey,81.81,19,4.3057889999999999,active,471
308,Thomas,Grigsby,81.81,19,4.3057889999999999,active,471
174,Yvonne,Watkins,81.81,19,4.3057889999999999,active,471
165,Lorraine,Stephens,81.80,20,4.0899999999999999,active,474
312,Mark,Rinehart,81.80,20,4.0899999999999999,active,474
4,Barbara,Jones,81.78,22,3.7172730000000000,active,476
534,Christian,Jung,81.78,22,3.7172730000000000,active,476
527,Cory,Meehan,81.76,24,3.4066670000000001,active,478
215,Jessie,Banks,81.76,24,3.4066670000000001,active,478
151,Megan,Palmer,81.75,25,3.2700000000000000,active,480
311,Paul,Trout,80.85,15,5.3899999999999997,active,481
449,Oscar,Aquino,80.83,17,4.7547059999999997,inactive,482
205,Eileen,Carr,80.82,18,4.4900000000000002,inactive,483
316,Steven,Curley,80.81,19,4.2531580000000000,active,484
184,Vivian,Ruiz,80.80,20,4.0400000000000000,active,485
287,Becky,Miles,80.78,22,3.6718180000000000,active,486
290,Kristina,Chambers,80.78,22,3.6718180000000000,inactive,486
521,Roland,South,80.77,23,3.5117389999999999,active,488
357,Keith,Rico,80.77,23,3.5117389999999999,active,488
304,David,Royal,79.81,19,4.2005260000000000,inactive,490
109,Edna,West,79.81,19,4.2005260000000000,active,490
282,Jenny,Castro,79.80,20,3.9900000000000002,active,492
185,Roberta,Harper,79.80,20,3.9900000000000002,inactive,492
387,Jesse,Schilling,79.78,22,3.6263640000000001,inactive,494
391,Clarence,Gamez,79.75,25,3.1899999999999999,inactive,495
429,Frederick,Isbell,78.84,16,4.9275000000000002,inactive,496
599,Austin,Cintron,78.82,18,4.3788890000000000,active,497
18,Carol,Garcia,78.81,19,4.1478950000000001,inactive,498
338,Dennis,Gilman,78.80,20,3.9399999999999999,inactive,499
9,Margaret,Moore,78.80,20,3.9399999999999999,active,499
298,Erika,Pena,78.79,21,3.7519049999999998,active,501
62,Joan,Cooper,78.79,21,3.7519049999999998,active,501
227,Colleen,Burton,78.78,22,3.5809090000000001,active,503
435,Ricky,Shelby,78.77,23,3.4247830000000001,inactive,504
223,Melinda,Fernandez,77.84,16,4.8650000000000002,active,505
402,Luis,Yanez,77.81,19,4.0952630000000001,active,506
134,Emma,Boyd,77.81,19,4.0952630000000001,active,506
394,Chris,Brothers,77.80,20,3.8900000000000001,active,508
384,Ernest,Stepp,77.79,21,3.7042860000000002,inactive,509
104,Rita,Graham,77.78,22,3.5354549999999998,inactive,510
243,Lydia,Burke,77.77,23,3.3813040000000001,inactive,511
246,Marian,Mendoza,76.82,18,4.2677779999999998,active,512
93,Phyllis,Foster,76.80,20,3.8399999999999999,active,513
118,Kim,Cruz,76.80,20,3.8399999999999999,active,513
224,Pearl,Garza,76.78,22,3.4900000000000002,active,515
70,Christina,Ramirez,75.83,17,4.4605880000000004,active,516
270,Leah,Curtis,75.81,19,3.9900000000000002,active,517
358,Samuel,Marlow,75.80,20,3.7900000000000000,inactive,518
551,Clayton,Barbee,75.79,21,3.6090480000000000,inactive,519
183,Ida,Andrews,75.78,22,3.4445450000000002,inactive,520
530,Darryl,Ashcraft,75.78,22,3.4445450000000002,active,520
194,Kristen,Chavez,74.84,16,4.6775000000000002,active,522
412,Allen,Butterfield,74.83,17,4.4017650000000001,active,523
555,Dwight,Lombardi,74.83,17,4.4017650000000001,inactive,523
327,Larry,Thrasher,74.81,19,3.9373680000000002,active,525
420,Jacob,Lance,74.80,20,3.7400000000000002,active,526
76,Irene,Price,74.79,21,3.5614290000000000,active,527
142,April,Burns,74.77,23,3.2508699999999999,active,528
398,Antonio,Meek,73.85,15,4.9233330000000004,inactive,529
291,Toni,Holt,73.83,17,4.3429409999999997,active,530
399,Danny,Isom,73.82,18,4.1011110000000004,active,531
152,Alicia,Mills,73.81,19,3.8847369999999999,active,532
79,Rachel,Barnes,73.81,19,3.8847369999999999,inactive,532
428,Herbert,Kruger,73.81,19,3.8847369999999999,inactive,532
543,Lance,Pemberton,73.80,20,3.6899999999999999,active,535
596,Enrique,Forsythe,73.78,22,3.3536359999999998,active,536
335,Gregory,Mauldin,73.78,22,3.3536359999999998,active,536
411,Norman,Currier,73.76,24,3.0733329999999999,active,538
95,Paula,Bryant,72.83,17,4.2841180000000003,inactive,539
556,Armando,Gruber,72.82,18,4.0455560000000004,active,540
325,Timothy,Bunn,72.82,18,4.0455560000000004,inactive,540
85,Anne,Powell,72.79,21,3.4661900000000001,inactive,542
301,Robert,Baughman,71.85,15,4.7900000000000000,inactive,543
222,Delores,Hansen,71.84,16,4.4900000000000002,inactive,544
94,Norma,Gonzales,71.81,19,3.7794740000000000,active,545
430,Ray,Houle,71.80,20,3.5899999999999999,inactive,546
278,Billie,Horton,71.79,21,3.4185710000000000,active,547
177,Samantha,Duncan,71.77,23,3.1204350000000001,inactive,548
255,Irma,Pearson,70.82,18,3.9344440000000001,inactive,549
378,Eugene,Culpepper,70.82,18,3.9344440000000001,inactive,549
370,Wayne,Truong,70.81,19,3.7268420000000000,active,551
303,William,Satterfield,70.81,19,3.7268420000000000,active,551
117,Edith,Mcdonald,69.83,17,4.1076470000000000,active,553
369,Fred,Wheat,69.79,21,3.3233329999999999,active,554
514,Franklin,Troutman,69.79,21,3.3233329999999999,active,554
310,Daniel,Cabral,68.87,13,5.2976919999999996,inactive,556
465,Floyd,Gandy,68.84,16,4.3025000000000002,active,557
525,Adrian,Clary,68.82,18,3.8233329999999999,active,558
355,Terry,Grissom,68.81,19,3.6215790000000001,active,559
283,Felicia,Sutton,68.77,23,2.9900000000000002,active,560
48,Ann,Evans,67.86,14,4.8471430000000000,inactive,561
464,Jerome,Kenyon,67.86,14,4.8471430000000000,active,561
315,Kenneth,Gooden,67.86,14,4.8471430000000000,active,561
218,Vera,Mccoy,67.82,18,3.7677779999999998,active,564
191,Jeanette,Greene,66.82,18,3.7122220000000001,active,565
458,Lloyd,Dowd,66.81,19,3.5163160000000002,active,566
568,Alberto,Henning,66.79,21,3.1804760000000001,active,567
272,Kay,Caldwell,65.87,13,5.0669230000000001,inactive,568
353,Jonathan,Scarborough,65.83,17,3.8723529999999999,active,569
328,Jeffrey,Spear,65.83,17,3.8723529999999999,active,569
413,Marvin,Yee,65.81,19,3.4636840000000002,active,571
164,Joann,Gardner,64.85,15,4.3233329999999999,inactive,572
344,Henry,Billingsley,64.84,16,4.0525000000000002,inactive,573
326,Jose,Andrew,64.82,18,3.6011110000000000,inactive,574
313,Donald,Mahon,63.84,16,3.9900000000000002,active,575
548,Allan,Cornish,63.84,16,3.9900000000000002,active,575
350,Juan,Fraley,63.79,21,3.0376189999999998,active,577
557,Felix,Gaffney,63.78,22,2.8990909999999999,active,578
492,Lester,Kraus,62.85,15,4.1900000000000004,active,579
549,Nelson,Christenson,62.84,16,3.9275000000000002,inactive,580
401,Tony,Carranza,61.82,18,3.4344440000000001,active,581
330,Scott,Shelley,60.82,18,3.3788890000000000,active,582
136,Anita,Morales,59.86,14,4.2757139999999998,active,583
162,Lauren,Hudson,59.83,17,3.5194120000000000,active,584
159,Jill,Hawkins,58.83,17,3.4605880000000000,inactive,585
97,Annie,Russell,58.82,18,3.2677779999999998,inactive,586
252,Mattie,Hoffman,58.80,20,2.9399999999999999,active,587
61,Katherine,Rivera,57.87,13,4.4515380000000002,active,588
124,Sheila,Wells,57.86,14,4.1328569999999996,active,589
395,Johnny,Turpin,57.81,19,3.0426319999999998,active,590
271,Penny,Neal,56.84,16,3.5525000000000002,inactive,591
250,Jo,Fowler,54.85,15,3.6566670000000001,inactive,592
288,Bobbie,Craig,52.81,19,2.7794740000000000,inactive,593
586,Kirk,Stclair,50.83,17,2.9900000000000002,active,594
110,Tiffany,Jordan,49.88,12,4.1566669999999997,inactive,595
320,Anthony,Schwab,47.85,15,3.1899999999999999,inactive,596
248,Caroline,Bowman,37.87,13,2.9130769999999999,inactive,597
281,Leona,Obrien,32.90,10,3.2900000000000000,inactive,598
318,Brian,Wyman,27.93,7,3.9900000000000002,inactive,599

